Videocard Name,Passmark G3D Mark
GeForce RTX 4090,38814
GeForce RTX 4080,34626
GeForce RTX 4080 SUPER,33948
GeForce RTX 4070 Ti SUPER,31955
GeForce RTX 4070 Ti,31750
Radeon 610M Ryzen 9 7945HX3D,31600
Radeon RX 7900 XTX,30954
GeForce RTX 4070 SUPER,30515
Radeon PRO W7900,29897
GeForce RTX 3090 Ti,29805
RTX 6000 Ada Generation,29040
Radeon PRO W7800,29007
Radeon RX 7900 XT,28863
Radeon RX 6950 XT,28411
GeForce RTX 4090 Laptop GPU,28370
GeForce RTX 3080 Ti,27273
GeForce RTX 4070,27002
Radeon RX 6900 XT,26884
GeForce RTX 3090,26843
GeForce RTX 3080 12GB,26725
GeForce RTX 4080 Laptop GPU,26073
Radeon RX 7900 GRE,25512
GeForce RTX 3080,25331
Radeon RX 6800 XT,25106
RTX 5000 Ada Generation Laptop GPU,24547
RTX 4000 Ada Generation,24269
Radeon RX 7800 XT,24071
GeForce RTX 3070 Ti,23709
RTX 4000 Ada Generation Laptop GPU,23251
RTX A5000,23072
GeForce RTX 4060 Ti 16GB,23034
RTX A6000,22872
GeForce RTX 4060 Ti,22747
Radeon RX 7900M,22683
GeForce RTX 3070,22436
Radeon RX 6800,22356
RTX 4500 Ada Generation,22292
NVIDIA A10,22064
RTX A4500,21925
GeForce RTX 2080 Ti,21791
Radeon 610M Ryzen 9 7845HX,21622
RTX 5000 Ada Generation,21371
Radeon RX 7700 XT,21171
RTX A5500,20992
RTX 3500 Ada Generation Laptop GPU,20978
Radeon RX 6750 XT,20811
GeForce RTX 3060 Ti,20578
RTX 4000 SFF Ada Generation,20529
GeForce RTX 3080 Ti Laptop GPU,20172
Quadro GV100,20021
TITAN RTX,19985
Radeon RX 6700 XT,19886
Radeon PRO W6800,19823
TITAN V,19772
GeForce RTX 4060,19696
GeForce RTX 4070 Laptop GPU,19629
GeForce RTX 2080 SUPER,19607
Quadro RTX 8000,19378
RTX A4000,19373
TITAN Xp COLLECTORS EDITION,19209
Quadro RTX 6000,18932
GeForce RTX 2080,18813
NVIDIA TITAN Xp,18706
Radeon RX 6700,18656
GeForce GTX 1080 Ti,18550
NVIDIA A10G,18487
Radeon RX 6850M XT,18329
GeForce RTX 2070 SUPER,18249
GeForce RTX 3070 Ti Laptop GPU,18192
GeForce RTX 4060 Laptop GPU,17931
RTX A4500 Laptop GPU,17520
RTX A5500 Laptop GPU,17434
Radeon RX 6650 XT,17331
Radeon PRO W7600,17126
GeForce RTX 3060 12GB,17107
TITAN V CEO Edition,16987
RTX 3000 Ada Generation Laptop GPU,16877
Radeon RX 6750 GRE 12GB,16718
Radeon RX 5700 XT,16717
Radeon VII,16695
Radeon RX 5700 XT 50th Anniversary,16615
GeForce RTX 2060 SUPER,16588
GeForce RTX 3080 Laptop GPU,16540
Radeon RX 6600 XT,16457
Radeon RX 7600 XT,16455
Quadro GP100,16374
Radeon RX 7600,16226
GeForce RTX 2070,16184
Quadro RTX 5000,16046
Radeon PRO W6600,15993
RTX A5000 Laptop GPU,15905
GeForce RTX 2060 12GB,15873
RTX 2000 Ada Generation Laptop GPU,15629
Radeon RX 6800S,15556
GeForce RTX 3060 8GB,15540
GeForce RTX 3070 Laptop GPU,15529
GeForce GTX 1080,15523
Radeon Pro Vega II,15474
Quadro RTX 4000,15434
RTX A4000 Laptop GPU,15373
Radeon Pro VII,15332
Radeon Pro W5700,15326
Radeon RX 6600,15134
Radeon RX 7700S,15119
GeForce RTX 2080 (Mobile),15107
Quadro P6000,14965
Radeon RX 6700S,14919
Radeon RX 6600S,14896
Quadro RTX 5000 (Mobile),14832
GeForce GTX 1070 Ti,14702
GeForce RTX 4050 Laptop GPU,14680
RTX A3000 12GB Laptop GPU,14652
Radeon RX 5700,14542
Radeon RX Vega 64,14422
Radeon RX 7600S,14184
GeForce RTX 2060,14149
GeForce RTX 2070 Super with Max-Q Design,13967
Radeon Pro WX 8200,13931
RadeonT RX 6850M XT,13847
GeForce GTX 980 Ti,13823
GeForce RTX 2080 Super with Max-Q Design,13806
RTX A2000,13773
Radeon RX 5600 XT,13719
RTX A2000 12GB,13682
Radeon RX 6650M,13673
NVIDIA TITAN X,13659
Quadro RTX 5000 with Max-Q Design,13655
Radeon RX 6600M,13620
Radeon PRO W6600M,13549
GeForce GTX 1070,13517
GeForce RTX 3060 Laptop GPU,13417
Radeon Vega Frontier Edition,13388
NVIDIA A40,13370
Radeon RX 6700M,13351
Radeon RX Vega 56,13341
Radeon RX 6800M,13246
GeForce RTX 2080 with Max-Q Design,13132
Radeon PRO W6600X,13113
GeForce GTX TITAN X,13069
Radeon Pro Vega 64,12984
Radeon Pro WX 9100,12960
GeForce GTX 1660 Ti,12944
GeForce RTX 3050,12928
GeForce GTX 1660 SUPER,12781
Quadro RTX 4000 with Max-Q Design,12716
Radeon Pro 5700 XT,12708
Tesla P40,12677
Tesla T10,12650
Quadro RTX 4000 (Mobile),12645
Tesla V100-PCIE-16GB,12555
RTX A3000 Laptop GPU,12552
Quadro P5000,12374
Quadro P5200,12363
Quadro P5200 with Max-Q Design,12355
GeForce RTX 2070 (Mobile),12354
Radeon Pro Vega 56,12353
Radeon RX 6850M,12274
Radeon Pro V520 MxGPU,12257
GeForce RTX 3050 OEM,12154
Quadro M6000 24GB,11961
Radeon RX 5600 OEM,11926
Radeon Pro 5700,11844
GeForce RTX 2070 with Max-Q Design,11839
Quadro M6000,11768
Intel Arc A580,11719
GeForce GTX 1660,11699
Quadro P4000,11660
Radeon RX 5600,11507
GeForce GTX 1080 with Max-Q Design,11447
GeForce RTX 2060 (Mobile),11354
Quadro P4200 with Max-Q Design,11312
Radeon Pro Vega 48,11299
Quadro RTX 3000,11194
GeForce GTX 980,11134
Radeon Pro SSG,10971
RTX A2000 8GB Laptop GPU,10955
Tesla T4,10908
Radeon RX 7600M XT,10889
GeForce RTX 3050 6GB Laptop GPU,10556
Quadro P4200,10546
Tesla M40 24GB,10474
GeForce GTX 1070 (Mobile),10465
Intel Arc A770,10286
GeForce GTX 1660 Ti (Mobile),10208
Tesla M40,10182
GeForce RTX 3050 Ti Laptop GPU,10168
GeForce GTX 1650 SUPER,10135
RTX A1000 6GB Laptop GPU,10122
GeForce GTX 1060,10083
Radeon R9 Fury X,10020
GeForce GTX 1070 with Max-Q Design,10004
RTX A2000 Laptop GPU,10003
Intel Arc A750,9867
GRID P40-2B,9842
GeForce RTX 2060 with Max-Q Design,9804
GeForce GTX 1060 3GB,9763
Radeon R9 Fury + Fury X,9741
GeForce GTX 970,9646
Radeon R9 Fury,9605
RTX A1000 Laptop GPU,9581
Radeon RX 6500 XT,9517
GeForce GTX 780 Ti,9502
Radeon RX 590,9468
GeForce RTX 3050 Laptop GPU,9437
Radeon R9 390X,9432
Intel Arc Pro A60,9409
Quadro M5000,9388
Quadro P2200,9366
Radeon Pro 5600M,9282
Radeon RX 6550M,9192
Quadro P3200 with Max-Q Design,9188
Radeon RX 5500 XT,9173
Radeon Pro W5500,9145
Quadro P3200,9110
Quadro P4000 with Max-Q Design,9082
GeForce GTX 1060 5GB,9052
GeForce GTX TITAN Black,9031
GeForce GTX TITAN Z,8986
GRID P40-8Q,8967
Radeon R9 390,8960
Tesla P4,8909
Radeon RX 580,8887
Radeon RX 5500,8853
GeForce GTX 1660 Ti with Max-Q Design,8668
Radeon R9 290X,8645
Radeon RX 480,8642
Radeon R9 295X2,8637
Radeon RX 5600M,8542
Radeon RX590 GME,8508
GRID RTX6000-1B,8473
Quadro RTX 3000 with Max-Q Design,8439
Radeon R9 290X / 390X,8389
Ryzen 5 4600HS with Radeon Graphics,8370
Radeon Pro 5500 XT,8330
Radeon R9 290,8322
GeForce GTX Titan,8222
GeForce GTX 1060 (Mobile),8160
Radeon R9 290 / 390,8150
Radeon Pro Duo,8136
Quadro K6000,8059
Radeon PRO W6400,8052
Intel Arc A730M,8033
Radeon RX 470/570,8030
GeForce GTX 780,8014
Ryzen 9 6900HS,8005
Intel Arc A770M,7964
FirePro W9100,7956
Radeon Pro WX 7100,7928
Quadro M5500,7915
Radeon RX 780,7897
GeForce GTX 1060 with Max-Q Design,7885
Radeon RX 6500M,7878
GeForce GTX 1650,7876
T1200 Laptop GPU,7839
Radeon RX 580X,7798
Tesla M60,7770
Radeon Pro 580,7753
Radeon RX580 2048SP,7748
Radeon RX 580 2048SP,7729
Radeon RX 5300,7696
T1000,7685
Radeon RX 6500,7646
T1000 8GB,7630
GeForce GTX 1650 Ti,7573
Radeon Pro 580X,7540
Tesla M6,7509
Radeon RX 6400,7499
GeForce RTX 2050,7485
Ryzen 9 4900HS with Radeon Graphics,7418
Radeon Ryzen 9 6900HS,7384
GeForce GTX 980M,7352
FirePro W8100,7279
Radeon Pro 5300,7229
Tesla P100-PCIE-16GB,7225
Quadro T2000,7182
Radeon 780M,7156
T600 Laptop GPU,7087
A10-8Q,7041
RadeonT 780M,6975
GeForce GTX 1650 (Mobile),6968
RTX A500 Laptop GPU,6960
Quadro T2000 with Max-Q Design,6958
Quadro M5000M,6949
GeForce RTX 3050 4GB Laptop GPU,6936
Quadro P2000,6929
Ryzen 7 6800HS with Radeon Graphics,6867
Radeon Pro 5500M,6815
GeForce GTX 970XM FORCE,6706
Quadro T1000 with Max-Q Design,6698
Quadro M4000,6693
Quadro T1000,6623
Quadro P3000,6620
Radeon Pro WX 7130,6577
Radeon Ryzen 7 6800HS,6566
AMD Ryzen Z1 Extreme,6563
Radeon RX Vega M GH,6556
Radeon RX 6300,6544
T600,6463
GeForce GTX 1650 Ti with Max-Q Design,6396
Radeon Pro 570,6336
Ryzen 9 6900HS with Radeon Graphics,6331
P106-100,6324
GeForce GTX 1050 Ti,6312
Radeon 660M Ryzen 5 6600H,6285
GeForce MX570 A,6270
Quadro M4000M,6252
Radeon R9 380X,6229
Radeon R9 280X,6220
Tesla K80,6210
Radeon R9 380,6178
GeForce GTX 1650 with Max-Q Design,6176
Radeon 680M Ryzen 7 7735HS,6166
FirePro W9000,6138
GeForce GTX 960,6059
Quadro K5200,6023
GeForce MX570,6020
Radeon Pro 5300M,6003
GRID P100-16Q,5944
GeForce GTX 770,5928
GeForce GTX 1050 Ti (Mobile),5918
Radeon PRO W6300,5897
Intel Arc Pro A30M,5862
RadeonT 760M,5846
Radeon 760M,5828
Matrox LUMA A380P,5805
Radeon Ryzen 7 7736U,5790
Radeon Ryzen 7 PRO 6850H,5767
Ryzen 9 PRO 6950H,5758
GeForce GTX 970M,5740
Radeon PRO Ryzen 7 PRO 6850U,5699
Radeon Pro WX 5100,5604
A16,5597
GeForce GTX 690,5590
Ryzen 7 PRO 6850U,5580
Ryzen 9 5900HS with Radeon Graphics,5570
Radeon R9 280,5569
Radeon HD 7990,5565
Quadro M3000M,5552
Radeon R9 285 / 380,5549
GeForce GTX 680,5541
GRID M60-8A,5523
Intel Arc A530M,5490
Radeon RX 5500M,5461
Radeon Ryzen 7 6800HS Creator Edition,5445
GeForce GTX 760 Ti OEM,5427
Radeon Ryzen 7 7735HS,5385
GeForce GTX 1050 Ti with Max-Q Design,5372
Radeon Eng Sample: 100-000000560-40_Y,5372
GRID P40-4Q,5364
Ryzen 7 6800HS Creator Edition,5345
Radeon Ryzen 7 6800H,5343
GeForce GTX 950,5337
GeForce GTX 670,5330
Ryzen 9 6900HX with Radeon Graphics,5319
Ryzen 7 7735HS with Radeon Graphics,5306
FirePro W7100,5303
Radeon Pro Vega 20,5299
Radeon HD 7970 / R9 280X,5247
Ryzen 7 6800H,5247
Ryzen 7 6800HS,5237
Radeon Ryzen 7 7735U,5235
Quadro P2000 with Max-Q Design,5226
Intel Arc Pro A40/A50,5223
Radeon HD 8990,5214
Radeon Ryzen 7 PRO 6850HS,5212
GeForce GTX 760 Ti,5209
GRID M60-2Q,5203
Radeon R9 M395X,5194
Radeon Ryzen 7 PRO 6850U,5188
Q12U-1,5164
RadeonT 680M Ryzen 7 7735HS,5161
GeForce GTX 1050 3GB,5152
Radeon R9 M295X,5150
Intel Arc A380,5090
Ryzen 7 PRO 6860Z,5076
Ryzen 9 PRO 6950HS with Radeon Graphics,5067
FirePro S9000,5059
GeForce GTX 1050,5057
EIZO Quadro MED-XN51LP,5048
GRID P4-4Q,5042
Ryzen 7 PRO 6850U with Radeon Graphics,5042
Radeon R9 M395,5023
Radeon Ryzen 7 7735H,5021
Ryzen 7 6800U,5006
GeForce GTX 1630,5003
Intel Arc,4992
Radeon Instinct MI25 MxGPU,4978
Barco MXRT 7600,4943
Ryzen 7 6800H with Radeon Graphics,4921
FirePro S9050,4901
Radeon R9 270X,4895
T550 Laptop GPU,4848
Ryzen 7 6800U with Radeon Graphics,4844
GRID P40-2Q,4843
Intel Arc A310,4831
Radeon Pro Vega 16,4809
GeForce GTX 760,4791
Ryzen 7 PRO 6860Z with Radeon Graphics,4788
Radeon Ryzen 9 7950X 16-Core,4782
GRID RTX6000P-6Q,4777
FirePro S10000,4768
Radeon HD 7950 / R9 280,4764
Radeon Sky 500,4763
GRID P40-24Q,4727
Radeon R9 370,4722
Radeon Ryzen 7 PRO 6860Z,4680
Radeon Pro WX Vega M GL,4643
Radeon HD 7870,4641
GeForce MX550,4628
Intel Arc A370M,4625
Radeon Ryzen 7 6800U,4573
B8DKMDAP,4557
GeForce GTX 580,4555
Radeon Pro 465,4537
FirePro S7000,4523
GRID T4-8Q,4518
Radeon R7 370,4515
Tesla K40c,4494
Radeon HD 7870 XT,4469
GeForce GTX 1050 (Mobile),4461
GRID M60-1B,4456
Quadro P1000,4447
Citrix Indirect Display Adapter,4446
GRID P6-4Q,4429
Radeon Ryzen 9 PRO 6950HS,4422
GeForce GTX 660 Ti,4401
Radeon Ryzen 7 4800HS,4393
FirePro W7000 Adapter,4359
GRID GTX P40-6,4340
Tesla K20m,4330
Quadro K4200,4321
Radeon RX 5300M,4307
Quadro M2200,4306
Radeon R9 270,4306
Radeon Eng Sample: 100-000000561-40_Y,4292
FirePro W7000,4270
Radeon R9 270 / R7 370,4259
NVIDIA A40-8Q,4220
GRID RTX8000P-12A,4165
GRID V100D-8Q,4155
GeForce GTX 680MX,4142
Radeon RX 460,4111
Radeon Ryzen 5 7535HS,4104
GeForce GTX 480,4100
Intel Arc A310 LP,4099
FirePro W8000,4095
Radeon PRO Ryzen 5 PRO 6650U,4066
GeForce GTX 1050 with Max-Q Design,4048
Radeon Ryzen 5 Pro 7535U,4046
Radeon HD 7800-serie,4029
GeForce GTX 660,4002
Quadro M2000,3992
Quadro K5000,3986
GeForce GTX 570,3936
Radeon Ryzen 5 6600H,3928
GRID P6-2Q,3925
GeForce GTX 750 Ti,3900
GRID M60-8Q,3883
GeForce GTX 780M,3878
Radeon HD 8970M,3876
Matrox LUMA A310F,3873
Radeon Ryzen 5 7535U,3861
Radeon HD 7850,3856
Radeon HD 7970M,3846
GRID M60-4Q,3831
GeForce GTX 880M,3826
P104-100,3806
Radeon Ryzen 5 6600HS Creator Edition,3802
Radeon Pro WX 4100,3779
GeForce GTX 965M,3768
Barco MXRT 7500,3753
GRID T4-1Q,3742
GeForce MX450,3737
Ryzen 7 PRO 6850HS with Radeon Graphics,3736
T400 4GB,3728
T500,3704
GRID M60-1Q,3694
Matrox LUMA A310,3690
Radeon Ryzen 7 4800H,3687
Ryzen 5 6600HS Creator Edition,3685
Radeon Pro 560X,3677
Radeon R9 M485X,3660
Radeon Ryzen 5 PRO 6650U,3655
Radeon RX 560,3651
T400,3630
Quadro P620,3618
Radeon RX Vega M GL,3606
Ryzen 5 PRO 6650U with Radeon Graphics,3575
GeForce GTX 680M KY_Bullet Edition,3568
GRID M6-8Q,3568
Quadro K2200,3553
GeForce GTX 775M,3551
Radeon Ryzen 5 6600U,3551
Ryzen 5 7535U with Radeon Graphics,3529
Ryzen 5 PRO 6650U,3519
GRID K520,3516
Radeon 740M,3515
Quadro 7000,3505
Radeon Pro 560,3475
Quadro K2200M,3468
Quadro M2000M,3462
Radeon Pro 460,3452
GRID T4-2Q,3450
GeForce GTX 870M,3449
Tesla C2050 / C2070,3428
NVIDIA A10-4Q,3424
GeForce GTX 960M,3402
Radeon E8870PCIe,3368
Radeon HD8970M,3368
GeForce GTX 750,3360
GRID M10-1Q,3351
GeForce GTX 650 Ti BOOST,3348
Radeon R9 M390X,3346
GeForce GTX 590,3341
Tesla K40m,3281
Quadro P600,3280
GRID P100-8Q,3267
GRID T4-4Q,3260
Quadro M1200,3252
GeForce 770M,3245
Radeon R9 M470X,3244
Ryzen 5 6600U with Radeon Graphics,3233
Radeon R9 M290X,3226
GeForce GTX 680M,3215
Ryzen 7 5800HS with Radeon Graphics,3213
GRID P4-8A,3206
Radeon RX 560X,3196
Radeon R9 260,3181
Radeon R7 260X,3178
Tesla C2050,3175
Tesla M10,3171
FirePro V7000,3161
FirePro W7170M,3161
Radeon Pro 555,3140
Quadro K5100M,3125
Radeon Pro 455,3112
GeForce GTX 470,3093
Radeon HD 7790,3090
Radeon R7 360,3084
GeForce GTX 560 Ti,3040
Radeon R9 360,3031
Radeon Ryzen 5 5500GT,3024
GeForce GTX 860M,3019
Tesla C2075,3016
Radeon HD 6990,3013
FirePro W5100,2987
GRID M10-4Q,2976
FirePro W5000,2973
GRID K260Q,2949
Tesla K20Xm,2917
Radeon Ryzen 9 7900X 12-Core,2907
Quadro K1200,2902
Ryzen 9 5900HX with Radeon Graphics,2902
Quadro M1000M,2894
Radeon R7 260,2891
Eng Sample: 100-000000261-50_Y,2859
Radeon Pro V340 MxGPU,2853
FirePro M6100 FireGL V,2847
GRID K280Q,2839
Tesla C2070,2839
Radeon HD 6970,2836
FirePro W4300,2834
Quadro M620,2831
Radeon Ryzen 7 5800H,2828
FirePro 3D V9800,2811
Ryzen 7 5700G with Radeon Graphics,2811
GeForce MX350,2808
Radeon R9 M380,2806
Custom GPU 0405,2803
GeForce GTX 770M,2787
Quadro K5000M,2779
Radeon Ryzen 5 5600GT,2756
Ryzen 7 5800H with Radeon Graphics,2747
GeForce GTX 675MX,2744
GRID K2,2736
GeForce GTX 560,2731
Quadro K4100M,2731
FirePro S7150,2726
FirePro V9800,2726
Radeon Pro 450,2722
Quadro K4000,2720
Radeon HD 8950,2718
Radeon RX 550,2714
Quadro 6000,2705
Barco MXRT 5500,2701
Intel Iris Xe,2692
GRID M10-2Q,2691
Ryzen 7 Pro 4750G with Radeon Graphics,2681
GeForce GTX 465,2675
Radeon Eng Sample: 100-000000300-40_Y,2670
Ryzen 7 5700GE with Radeon Graphics,2656
FirePro R5000,2646
MONSTER GeForce GTX 675M,2637
Ryzen 7 PRO 7730U with Radeon Graphics,2634
Radeon HD 6950,2618
Radeon Ryzen 7 4700GE,2610
Radeon Ryzen 7 5800HS,2608
GRID M10-8Q,2606
GeForce GTX 950A,2604
GRID T4-2B,2601
Ryzen 5 5600GE with Radeon Graphics,2601
Radeon Ryzen 7 PRO 4750G,2598
Radeon Eng Sample: 100-000000371-40_42/18_Y,2590
Radeon Ryzen 7 4700G,2587
GeForce GTX 950M,2584
Ryzen 5 5600G with Radeon Graphics,2580
Radeon Ryzen 9 7900 12-Core,2579
Radeon Ryzen 9 4900H,2565
Ryzen 7 PRO 4750GE with Radeon Graphics,2549
Ryzen 7 PRO 5750GE with Radeon Graphics,2546
GRID K240Q,2541
Radeon HD 6850 X2,2534
Radeon Ryzen 5 5600GE,2530
FireStream 9370,2528
N18E-Q1,2525
GeForce GTX 650 Ti,2522
GeForce GTX 850M,2516
Ryzen 5 PRO 5650G with Radeon Graphics,2500
Radeon Ryzen 7 PRO 7730U,2499
Ryzen 7 4700GE with Radeon Graphics,2496
Radeon Pro WX 3100,2494
Radeon Ryzen 7 7730U,2489
GeForce GT 1030,2477
Barco MXRT 5600,2465
GeForce MX330,2463
Ryzen 5 PRO 5650GE with Radeon Graphics,2458
FirePro 3D V8800,2437
GeForce MX250,2431
Radeon Pro WX 3200,2427
Ryzen 7 PRO 5750G with Radeon Graphics,2421
Radeon Ryzen 5 5600H,2419
Radeon Eng Sample: 100-000000262-30_Y,2415
GeForce GTX 960A,2410
Ryzen 5 5600H with Radeon Graphics,2410
Radeon Ryzen 7 5800U,2407
Ryzen 5 Pro 4650G with Radeon Graphics,2404
Radeon RX Vega 11 PRD,2401
Ryzen 7 7730U with Radeon Graphics,2399
Radeon Ryzen 7 5825U,2385
Radeon Pro WX 4150,2380
Radeon Ryzen 5 PRO 4655G,2375
Ryzen 5 4600G with Radeon Graphics,2369
Radeon Eng Sample: 100-000000285-40_Y,2365
Radeon Ryzen 5 PRO 4655GE,2361
GeForce GTX 485M,2359
FirePro W6150M,2358
Ryzen 7 5800U with Radeon Graphics,2358
Ryzen 5 7530U with Radeon Graphics,2355
Radeon Pro,2344
Ryzen 7 4800U with Radeon Graphics,2343
P106-090,2342
GRID M10-2B,2333
Radeon R9 M470,2330
Ryzen 3 PRO 5350G with Radeon Graphics,2330
Radeon RX Vega Ryzen 3 5300U,2327
Radeon Ryzen 7 PRO 4750GE,2320
Ryzen 7 5825U with Radeon Graphics,2318
Radeon RX Vega - Renoir Ryzen 3 5300U,2312
GRID M10-1B,2309
Radeon Ryzen 5 PRO 5650G,2309
Radeon Ryzen 7 5700U,2308
Ryzen 5 PRO 4400G with Radeon Graphics,2305
FirePro V7900,2304
Radeon Ryzen 7 4800U,2303
Radeon HD 5970,2301
Radeon Ryzen 5 PRO 5650GE,2296
Radeon Ryzen 7 Microsoft Surface Edition,2293
GeForce MX150,2281
FirePro V8800,2280
Ryzen 3 4300GE with Radeon Graphics,2272
Ryzen 7 PRO 5850U with Radeon Graphics,2271
Quadro K3100M,2270
Radeon HD 6970M,2270
Radeon R7 250X,2268
Intel HD 5600,2263
GeForce GTX 460,2258
Radeon Ryzen 7 7700X 8-Core,2254
Radeon RX 550X,2253
Ryzen 5 PRO 7530U with Radeon Graphics,2253
Ryzen 7 5700U with Radeon Graphics,2247
Quadro K620,2240
Ryzen 3 PRO 5350GE with Radeon Graphics,2238
Radeon Ryzen 5 7530U,2234
Intel Iris Pro P580,2231
Ryzen 7 Extreme Edition,2226
GRID P100-1B,2223
Intel UHD Graphics P630,2220
Radeon HD 6870,2219
Ryzen 5 4600H with Radeon Graphics,2218
Radeon HD 5870,2215
Ryzen 7 4700G with Radeon Graphics,2186
Ryzen 5 5600U with Radeon Graphics,2181
Radeon RX Vega 11 Ryzen 5 3400G,2178
Radeon HD 7770,2172
Ryzen 3 Pro 4350G with Radeon Graphics,2167
Radeon Vega 11 Ryzen 5 PRO 3350G,2162
Radeon Ryzen 5 5625U,2157
Quadro M600M,2147
GeForce GTX 745,2144
Radeon Ryzen 3 PRO 7330U,2126
FirePro M6100,2122
Radeon RX Vega 11,2119
Ryzen 5 5560U with Radeon Graphics,2114
Ryzen 7 4800H with Radeon Graphics,2113
GeForce 945M,2107
Radeon TM R9 A360,2105
Ryzen 5 PRO 4650GE with Radeon Graphics,2104
FirePro M5100,2102
Quadro P520,2100
Radeon Ryzen 5 5600U,2100
Intel G35 Express,2097
Radeon Ryzen 5 5500U,2096
Radeon Ryzen 5 Microsoft Surface Edition,2095
GeForce GTX 580M,2074
GRID M6-1Q,2069
Ryzen 7 PRO 5875U with Radeon Graphics,2067
Radeon RX Vega 11 Ryzen 5 3400GE,2062
Ryzen 3 5300GE with Radeon Graphics,2062
Radeon R9 M385,2060
Quadro 5000M,2059
Radeon Ryzen 7 4700U,2050
Radeon Ryzen 7 PRO 4750U,2050
Ryzen 3 4300G with Radeon Graphics,2050
Ryzen 5 PRO 5650U with Radeon Graphics,2043
Ryzen 7 4700U with Radeon Graphics,2034
Ryzen 7 PRO 4750U with Radeon Graphics,2029
FirePro V7800,2028
Radeon R9 350,2018
Radeon Ryzen 5 5560U,2012
GeForce GTX 460 SE,2010
Radeon Pro W5500M,2010
Ryzen 5 5500U with Radeon Graphics,2008
Ryzen 5 PRO 4500U with Radeon Graphics,2007
GeForce GT 645,2005
Radeon Ryzen Embedded V2718,1998
GeForce GTX 765M,1997
Radeon R9 M385X,1993
Ryzen 5 5625U with Radeon Graphics,1990
Ryzen 3 PRO 7330U with Radeon Graphics,1984
Radeon R7 + R7 350 Dual,1982
Intel Iris Pro 580,1978
Radeon HD 5850,1978
Radeon HD 6850,1973
Intel Iris Xe MAX,1971
Radeon R7 + HD 7700 Dual,1962
Radeon Ryzen 7 PRO 5875U,1959
Radeon HD 7660D + HD 7700 Dual,1958
Radeon Vega 11 Ryzen 5 PRO 3400G,1956
GeForce GTX 470M,1953
Ryzen 3 5300G with Radeon Graphics,1949
Quadro K4000M,1946
Qualcomm Adreno 8cx Gen 3,1945
GeForce GTX 670MX,1943
Radeon Ryzen 5 7600 6-Core,1940
Radeon RX 640,1939
Radeon R7 450,1936
GeForce GTX 675M,1929
Radeon Pro WX 4130,1928
Intel Iris Xe MAX 100,1927
Quadro 5000,1926
Radeon RX 570X,1923
Radeon Vega 8 Ryzen 3 3200G,1920
Radeon HD 7560D + 7700 Dual,1919
GeForce GTX 560 SE,1914
Matrox C680 PCIe x16,1903
Radeon HD 7700-serie,1899
Radeon HD 8670D + HD 7700 Dual,1892
Ryzen 5 4600U with Radeon Graphics,1891
Radeon Ryzen 5 PRO 5675U,1888
Radeon Vega 11 Ryzen 5 PRO 3400GE w/,1888
Ryzen 3 PRO 4350GE with Radeon Graphics,1885
GeForce GTX 645,1874
GeForce GTX 460 v2,1871
Quadro M520,1870
FirePro 3D V7800,1867
Radeon Ryzen Embedded R2544,1864
GeForce GTX 570M,1863
Radeon Eng Sample: 100-000000287-40_Y,1861
GeForce MX130,1859
Intel UHD Graphics 770,1859
Radeon RX 540,1858
GeForce 945A,1852
Radeon RX Vega 11 Processor,1843
GeForce MX230,1842
Radeon Ryzen Embedded V2748,1842
FirePro M5100 FireGL V,1839
GRID M60-0B,1838
Radeon Pro WX 2100,1836
Radeon HD 8570D + HD 7700 Dual,1834
Radeon R9 M360,1833
Radeon Vega 11,1829
MxGPU,1826
FirePro M6000,1820
Intel Iris Plus,1817
Radeon RX Vega 10 Ryzen 7 3750H,1816
Ryzen 5 4500U with Radeon Graphics,1816
Matrox C900 PCIe x16,1812
Embedded Radeon E9173,1806
Radeon HD 8870M / R9 M270X / M370X,1799
Radeon Ryzen 5 4600GE with Radeon Graphics,1792
Radeon Vega 8 Ryzen 3 PRO 3200G,1790
Radeon HD 8670D + 7700 Dual,1788
Radeon Ryzen 3 PRO 5450U,1786
Radeon 550,1772
Quadro 5010M,1771
Radeon Ryzen 7 7800X3D 8-Core,1760
Ryzen 3 7330U with Radeon Graphics,1758
GeForce GTX 650,1753
Ryzen 3 PRO 4200GE with Radeon Graphics,1748
Intel Iris Plus 655,1745
Firepro W5170M,1744
Radeon R9 M375X,1741
Intel UHD Graphics 750,1739
Ryzen 5 PRO 5675U with Radeon Graphics,1732
Radeon Ryzen 5 7600X 6-Core,1731
Radeon Ryzen 9 PRO 7945 12-Core,1731
GeForce GTX 670M,1730
Radeon HD 5830,1730
Intel Iris Plus 645,1727
Intel UHD Graphics P750,1726
Ryzen 5 PRO 4650U with Radeon Graphics,1725
FirePro M6000 Mobility Pro,1712
GeForce GTX 760M,1711
Radeon HD 6900M,1702
Radeon Ryzen 7 7700 8-Core,1697
Radeon HD 7750,1694
Radeon Vega 8 Ryzen 5 3550H,1691
Radeon E8860,1686
GeForce GT 755M,1683
Ryzen 3 5425U with Radeon Graphics,1677
Radeon RX Vega11 Ryzen 7 3750H,1674
Radeon R7 M380,1668
FirePro W600,1661
PCI\VEN_1002&DEV_164E&SUBSYS_D0001458&REV_C3 Ryzen,1653
Radeon HD HD7850M,1651
Quadro K3000M,1647
Radeon RX Vega 10,1645
Radeon Ryzen 9 7950X3D 16-Core,1644
PCI\VEN_1002&DEV_164E&SUBSYS_D0001458&REV_C7 Ryzen,1642
Radeon RX Vega 11 Ryzen 5 3350G,1642
Radeon HD 8870M,1638
Radeon Vega 10 Ryzen 7 PRO 3700U w/,1634
FirePro M4000 Mobility Pro,1628
Intel Iris Pro P6300,1625
Quadro P500,1625
Intel UHD Graphics 730,1623
Radeon R7 M465X,1623
Quadro P400,1622
Radeon Vega 8 Ryzen 3 PRO 3200GE w/,1622
GeForce GTX 480M,1617
Ryzen 7 2700U with Radeon Vega,1617
Radeon HD 6790,1616
FirePro M4000,1612
Radeon Ryzen 5 PRO 7645 6-Core,1608
Radeon RX Vega11,1605
Seria Radeon HD 7700,1603
Ryzen 3 PRO 5450U with Radeon Graphics,1601
Radeon Vega 9,1590
Intel Iris Plus 650,1586
Radeon Vega 8,1584
Radeon Ryzen 3 5425U,1579
Quadro K2000D,1577
Quadro K2000,1575
Ryzen 3 5400U with Radeon Graphics,1575
Radeon R9 M275X / M375,1574
Radeon Ryzen 3 5300U,1574
Radeon Athlon Gold PRO 4150GE,1573
GeForce GTX 555,1571
Radeon Vega 10,1563
Radeon RX Vega 10 Ryzen 7 PRO 3700U w/,1556
Radeon HD 7560D + HD 6670 Dual,1554
Ryzen 3 PRO 4450U with Radeon Graphics,1554
Radeon HD 8470D + HD 7500 Dual,1545
Ryzen 3 5300U with Radeon Graphics,1545
Radeon Vega 6 Ryzen 3 3350U,1544
Ryzen 3 PRO 4300U with Radeon Graphics,1542
GeForce GTX 550 Ti,1541
Radeon Ryzen 7 PRO 7745 8-Core,1539
FirePro V8700,1538
Radeon R9 M275X,1537
Radeon R9 M370X,1532
Radeon Ryzen 3 7330U,1530
FirePro W4100,1528
Radeon Ryzen Embedded V2516,1527
Radeon HD 4890,1526
Radeon RX Vega 10 Ryzen 7 3700U,1524
GeForce GTX 285,1515
GeForce 940MX,1512
Radeon Vega 9 Ryzen 5 Microsoft Surface Edition,1512
Radeon HD 7870M,1507
GeForce 845M,1506
Ryzen 5 2500U with Radeon Vega,1503
Radeon HD 6670 + 7660D Dual,1492
GeForce GT 740,1490
Radeon Vega 10 Mobile,1490
Radeon RX Vega 8,1487
Radeon HD 7660D + HD 6670 Dual,1484
Radeon Ryzen Embedded R2514,1482
Radeon R9 M365X,1481
Intel UHD Graphics,1479
Quadro 4000,1478
Radeon R7 FX-9830P RADEON,1471
Radeon 550X,1468
Intel Iris Pro Graphics 6200,1461
Radeon R9 255,1456
Radeon Vega 8 Ryzen 5 PRO 3500U w/,1455
GeForce MX110,1449
Ryzen 5 PRO 4400GE with Radeon Graphics,1441
Radeon Eng Sample: 100-000000085-40_35/24_Y,1440
GeForce GTX 660M,1435
Radeon HD 8470D + HD 6670 Dual,1435
Radeon Ryzen 7 3700U,1433
Intel Iris 650,1432
Radeon Ryzen 3 PRO 4355GE,1431
Ryzen 3 PRO 5475U with Radeon Graphics,1431
Intel Iris 550,1430
Radeon HD 7560D + 7670 Dual,1426
GeForce GTX 275,1422
Radeon Vega 8 Mobile,1418
Radeon R7 M370,1417
FirePro W5130M,1409
Radeon Pro WX 4170,1409
Radeon Vega 6 Ryzen 3 PRO 3300U w/,1403
Radeon RX Vega11 Ryzen 7 Microsoft Surface Edition,1398
Radeon Vega 8 Ryzen 5 3500U,1397
Radeon 610M Ryzen 9 7945HX,1391
Radeon 540X,1390
Radeon HD 7560D + HD 7670 Dual,1380
Radeon HD 7850M,1372
Radeon HD 4870,1368
FirePro M40003,1364
Quadro K2100M,1361
Radeon HD 8670D + 6670 Dual,1361
Radeon 540,1358
Ryzen 3 4300U with Radeon Graphics,1349
Radeon HD 7560D + HD 7700 Dual,1346
Intel Iris Plus 640,1344
FireStream 9270,1341
Radeon HD 5770,1341
Quadro 4000M,1328
GeForce GT 750M,1324
GeForce GTS 450,1322
Radeon HD 8670D + HD 7600 Dual,1317
FirePro M5950,1314
Radeon Vega 6,1313
Radeon HD 4870 X2,1309
Radeon R7 PRO A8-8670E,1309
Radeon HD 8790M,1305
Tesla M2070-Q,1305
GeForce GTX 280,1299
Radeon Vega 6 Ryzen 3 3300U,1299
TENSOR 1.0 Driver Intel HD 630,1299
GeForce 930MX,1295
Radeon Vega 9 Ryzen 5 3550H,1287
Radeon R7 A370,1281
FirePro 3D V8750,1271
Radeon 630,1271
FirePro V5900,1269
GeForce 930A,1267
Radeon HD 8570D + HD 6670 Dual,1260
Radeon HD 7560D + HD 7600 Dual,1258
Intel Iris 540,1255
Radeon HD 6770,1247
Intel UHD Graphics 630,1245
Radeon Vega 8 Ryzen 5 3450U,1240
Quadro 2000 D,1239
Radeon HD 8570D + 6570 Dual,1239
Radeon HD 7660D + 6670 Dual,1238
Radeon HD 7560D + HD 6570 Dual,1237
GeForce GTX 460M,1236
Radeon R7 + R5 340 Dual,1234
Radeon R7 + R7 250 Dual,1232
FirePro 3D V5800,1231
GeForce GT 745A,1228
GeForce GTX 260,1226
GeForce GTX 760A,1226
Quadro FX 5800,1223
GeForce GTX 560M,1221
Radeon HD 8670D + HD 6670 Dual,1221
Radeon HD 8790M / R9 M290X,1210
GeForce GT 650M,1209
FirePro 3D V8700,1206
N16P-GX,1204
Radeon HD 7660D + 7540D Dual,1204
Radeon R9 M270X,1204
Radeon HD 7730,1198
GeForce GPU,1194
Radeon HD 7750M,1191
GeForce GTX 295,1190
Radeon R7 +8G,1190
Intel Iris Pro 5200,1189
RadeonT 610M,1187
Intel HD P630,1184
GeForce 840A,1179
Firepro W4190M,1178
GeForce GT 640,1178
FirePro V5800,1175
Quadro M500M,1173
Radeon R7 Opteron X3421,1168
FireStream 9250,1164
NVS 810,1163
Radeon HD 5750,1162
Barco MXRT 5400,1161
Intel Coffee Lake UHD,1158
Radeon R7 M465,1157
Intel HD P530,1155
Quadro K620M,1152
Radeon HD 8850M / R9 M265X,1139
GeForce 830A,1138
Radeon HD 4850 X2,1132
Radeon HD 7560D + 6670 Dual,1130
Radeon HD 8650G + 7700M Dual,1126
Radeon R7 430,1126
Radeon R9 M265X,1126
GeForce 940M,1122
Radeon HD 7660D + 7500 Dual,1121
FirePro M4170,1119
Radeon 610M,1119
Radeon R7 A12-9800 RADEON,1118
Radeon R9 M275,1114
Radeon R7 A10-7870K,1111
Radeon R7 A10-9700E RADEON,1108
Intel HD 630,1107
GeForce 940A,1106
GeForce GT 545,1100
Quadro 2100M,1100
Radeon HD 7660D + 6570 Dual,1100
GeForce GT 745M,1096
Radeon R5 PRO A6-9500 2C+6G,1096
Mobility Radeon HD 5870,1093
GeForce GTX 850M - MODDED,1091
Quadro K1100M,1087
Radeon R7 M460,1087
GeForce 840M,1085
MIRRORV3,1080
Radeon 625,1080
Barco MXRT 5450,1079
GeForce 920MX,1079
Intel UHD Graphics 710,1079
Radeon R7 250,1078
Radeon R7 + R7 200 Dual,1077
Radeon R7 M350,1077
Radeon 535,1071
Radeon HD 8450G + 8600/8700M Dual,1070
FirePro W4170M,1067
Radeon HD 7660D + 7670 Dual,1061
Radeon HD 7520G + 7700M Dual,1060
Firepro M4100,1059
OPAL XT/GL,1053
Radeon HD 7670A,1050
GeForce GTX 850A,1049
Radeon HD 6750,1047
Radeon R7 A12-9730P RADEON,1047
Radeon R7 + R7 240 Dual,1045
Radeon Vega 3 Athlon 300GE,1044
Intel UHD Graphics 620,1043
Radeon HD 8570D + 6670 Dual,1039
Radeon HD 8570D + HD 8570 Dual,1032
Radeon Ryzen 5 3450U,1032
Radeon HD 8600/8700M,1029
Radeon R7 + R5 330 Dual,1028
Radeon R7 340,1027
Radeon Vega 3 Mobile,1025
Radeon Vega 3 Athlon 3000G,1023
Radeon HD 8670D + R7 240 Dual,1020
Quadro 3000M,1018
Radeon HD 6700M,1016
Quadro K2000M,1014
Radeon R5 A6-9500E 2C+4G,1014
GeForce 930M,1012
Radeon 530,1010
GeForce 830M,1009
Radeon HD 7690M XT,1009
Radeon R7 M260X,1008
Radeon HD 7690M,1003
Radeon HD 7660G + HD 7500/7600 7500/7600 Dual,1002
Radeon HD 7660G + HD 7500M/7600M Dual,999
Radeon HD 8570D + R7 200 Dual,999
Radeon HD 7640G + HD 8750M Dual,996
Intel HD 530,995
Radeon R7 A265,993
Quadro FX 4800,991
FirePro V4900,987
Radeon HD 7560D + 7570 Dual,985
Radeon HD 8690M,984
"Radeon R5 PRO A6-8570 R5, 8 COMPUTE CORES 2C+6G",984
Qualcomm Adreno 690 GPU,982
Radeon HD 7560D + 7560D Dual,982
Radeon HD 8750M,977
Radeon R5 A10-9630P 4C+6G,977
Radeon R7 A10-7850K,976
Quadro 2000D,974
Radeon HD 8670D + 8570 Dual,974
Radeon HD 8850M,973
Radeon R7 PRO A10-9700E,971
Radeon R6 A10-9600P 4C+6G,970
Radeon HD 7660G N HD 7660G + HD 7700M N HD 7700M D,966
Radeon HD 6770M,964
Radeon HD 8570D + R7 240 Dual,963
Radeon R7 PRO A12-9800E,957
Radeon R9 M375,957
Radeon R6 Opteron X3418,955
Radeon HD 8570,952
Radeon HD 8570 + HD 7660D Dual,949
Radeon HD 8670D + R7 200 Dual,949
Quadro CX,947
Quadro 2000,946
Radeon HD 6670/7670,945
Radeon HD 7640G + 7690M Dual,945
Radeon R7 PRO A10-8850B,945
Radeon R7 M445,943
Radeon HD 7660D + R7 240 Dual,941
Radeon HD 6750M,937
Radeon R5 430,937
Radeon HD 7560D + HD 8570 Dual,935
Radeon R5 340,935
Radeon HD 4850,934
Radeon R7 PRO A12-8870E,932
Radeon HD 7660G + 7730M Dual,931
Radeon R7 240 + HD 8670D Dual,930
FirePro M4150,928
Radeon R7 A10-9700 RADEON,928
Intel HD Graphics 620,927
GeForce GT 645M,925
Intel Iris Pro 6100,925
"Radeon R5 A6-9500 RADEON R5, 8 COMPUTE CORES 2C+6G",925
GeForce GT 640M,921
Radeon R7 A10-7860K,921
Radeon R7 240 + HD 8570D Dual,917
Radeon R7 A12-9800E RADEON,913
GRID K220Q,912
Radeon R7 A8-8650,912
GRID M6-0B,911
Radeon 6750M,911
Radeon R7 A8-7500,907
Intel Iris 6100,906
Radeon R7 PRO A12-8870,904
Radeon R7 M440,903
Radeon HD 8550G + 7600M Dual,901
Barco MXRT 2600,900
Barco MXRT 7400,900
Radeon R7 PRO A10-8770,899
Radeon 620,897
Radeon R7 + R5 Dual,897
Radeon HD 4770,894
Radeon R7 240,894
Radeon R7 PRO A8-9600,893
7900 MOD - Radeon HD 6550D,892
Intel UHD Graphics 617,892
Qualcomm Adreno 685 GPU,892
Radeon Vega 3,891
FirePro W2100,886
Radeon R7 + R5 435 Dual A10-9700 RADEON,885
Radeon HD 8650G + 7670M Dual,883
Radeon R7 A10 PRO-7850B,882
Radeon HD 7660G + HD 7730M Dual,881
Radeon R7 PRO A12-9800,877
Radeon Vega 3 Athlon 300U,877
Radeon E6760,876
Intel HD 520,870
Radeon R7 G,869
Radeon HD 8570D + HD 6570 Dual,868
Mobility Radeon HD 4850,866
Radeon HD 8470D + HD 6450 Dual,862
Intel HD 6000,860
Radeon 520,859
Radeon Vega 3 Athlon Silver 3050U,855
Radeon HD 8550G + HD 7600M Dual,854
FirePro 3D V4800,853
Radeon R5 A6-9500 2C+6G,853
Radeon R7 A8-7500 4C+6G,853
Radeon Vega 3 Ryzen 3 3200U,853
Radeon HD 8500M/8700M,852
Radeon R7 A10-7890K,850
Radeon R7 A10-8750,849
Radeon R7 A8-7670K,848
Radeon R5 PRO A6-8570 2C+6G,847
GeForce 920A,846
Radeon R7 A10 PRO-7800B,843
Radeon R5 435,840
Radeon R7 FX-8800P,840
FireGL V8600,838
Radeon HD 8470D + 6570 Dual,837
Radeon Vega 3 Athlon PRO 300GE w/,837
Radeon HD 8670D + R5 235 Dual,836
Radeon HD 4830,835
Radeon HD 6650A,835
GeForce GT 635,833
Radeon HD 7560D + 6570 Dual,833
Radeon HD 7520G + HD 7500/7600 Dual,832
GeForce GT 730,831
Radeon HD 7660G + 7600M Dual,831
Radeon HD 8650G + 8600/8700M Dual,831
Intel HD 5200,830
Radeon Vega 3 Ryzen 3 3250U,829
Radeon R7 A8-9600 RADEON,828
GRID M60-0Q,827
Radeon R7 PRO A10-8770E,826
Radeon HD 7640G N HD 7640G + HD 7600M N HD 7600M D,824
Radeon HD 3850 X2,822
Radeon HD 7540D + 7500 Dual,821
Radeon R7 A8-7680,821
Radeon HD 7670,819
Radeon HD 8550G + HD 8750M Dual,819
Radeon HD 8650G + HD 7600M Dual,819
GeForce GT 730M,816
Radeon R7 A10 Extreme Edition,816
Radeon R7 M260DX,816
Radeon R9 M280X,813
GeForce GT 445M,811
Radeon HD 8670D + 7000 Dual,811
"Radeon R5 PRO A6-9500 R5, 8 COMPUTE CORES 2C+6G",809
Radeon R7 PRO A10-9700,805
Radeon HD 8550G + 8600/8700M Dual,802
Radeon R5 M435,801
Radeon HD 5670,800
Radeon Ryzen 3 3250U,800
Radeon HD 8650G + HD 8790M Dual,799
"Radeon R5 PRO A6-8570E R5, 6 COMPUTE CORES 2C+4G",799
Quadro FX 3800,798
Radeon HD 6800M,798
GeForce 9800 GX2,797
Radeon HD 8650G N HD 8650G + HD 8600/8700M Dual,796
Radeon R8 M445DX,796
GRID M10-0Q,795
Radeon HD 8550G + 8750M Dual,795
GeForce GT 740M,790
Radeon 535DX,788
Radeon R7 A8-7600,788
Radeon HD 8650G + 8750M Dual,786
GeForce 825M,783
Quadro K1000M,783
Radeon R7 A10-7700K,782
Quadro 2000M,781
Radeon R7 A365,781
Radeon R7 PRO A6-9500 2C+6G,781
Radeon HD 7660G + HD 7700M Dual,777
Radeon HD 7640G + 7500M/7600M Dual,775
Mobility Radeon HD 5000,773
Radeon HD 7600M + 7600M Dual,773
Radeon HD 8650G N HD 8650G + HD 8570M Dual,773
Radeon R7 A10-8850,773
GeForce 730A,771
GeForce GT 440,771
Radeon R7 M365X,771
Radeon Vega 3 Ryzen Embedded R1505G,771
Radeon R5 PRO A6-9500E 2C+4G,770
GeForce 9800 GTX,769
Radeon HD 4810,769
Radeon R7 PRO A10-8750B,767
Radeon R7 M270,766
Mobility Radeon HD 5850,763
Radeon HD 8650G + HD 8600/8700M Dual,763
Radeon HD 6450 + 8470D Dual,762
Radeon HD 7660G + HD 7500/7600 Dual,760
Radeon HD 7660G + HD 8500M Dual,758
Radeon Athlon Gold 3150U,757
Radeon HD 7660G + 7700M Dual,757
Radeon HD 8650G + HD 8600M N HD 8600M Dual,757
Quadro 1100M,755
Radeon HD 7730M,755
Radeon HD 8730M,755
Radeon HD 7640G + 7450M Dual,754
Radeon HD 8570D + HD 7000 Dual,753
Quadro K420,752
Radeon HD 6650M,751
"Radeon R5 A10-9630P RADEON R5, 10 COMPUTE CORES 4C",750
IncrediblE HD 4600,749
Radeon M535DX,749
Qualcomm Adreno 7c Gen 3 GPU,748
Radeon HD 7640G + 7650M Dual,747
Radeon HD 7660G + HD 8600/8700M Dual,747
Radeon HD 8670D + R5 330 Dual,746
Radeon HD 7660G + 7610M Dual,745
Quadro K600,743
Radeon HD 7660G + 7670M Dual,743
Radeon R5 235 + HD 7560D Dual,743
GeForce GT 730A,742
Intel Iris 5100,742
Intel UHD Graphics 615,741
Radeon HD 8650G + 7600M Dual,741
Radeon R7 A8-7650K,741
Radeon R7 A12-9700P RADEON,740
Radeon R7 FX-9800P RADEON,740
GeForce GT 340,738
Intel Poison Ivy,738
Radeon HD 7670M + 7670M Dual,738
Radeon R5 235 + HD 8570D Dual,737
Radeon HD 6670,731
Radeon R5 A10-9620P 4C+6G,731
Radeon R7 A12-9720P RADEON,730
Radeon HD 7550M/7650M,728
GRID K140Q,727
"Radeon R5 A6-9500E RADEON R5, 6 COMPUTE CORES 2C+4",726
GeForce 920M,724
Radeon HD 7660G N HD 7660G + HD 7600M N HD 7600M D,722
Radeon HD 8650G + R5 M200 Dual,722
Intel HD 615,721
Radeon R7 PRO A8-8650B,721
Asus GTX 650 FML II EC-EGPU,720
Mobility Radeon HD 4870,719
Quadro K610M,719
Radeon HD 7540D + 6570 Dual,719
Intel UHD Graphics 610,718
Radeon HD 8670D + HD 7000 Dual,718
Radeon HD 8470D + 6450 Dual,717
Radeon HD 8650G + HD 8570M Dual,716
Radeon Vega 3 Athlon 320GE,714
Radeon R7 A10-7800,712
Radeon HD 7660G + HD 8670M Dual,711
"Radeon R5 A10-9600P RADEON R5, 10 COMPUTE CORES 4C",710
Radeon HD 3870 X2,708
Radeon HD 6550A,707
Radeon HD 7660G + HD 7670M Dual,706
GRID M10-0B,705
Radeon HD 7640G + 7600M Dual,705
NVS 510,704
Radeon HD 7640G + HD 7600M Dual,704
Radeon HD 7660G N HD 7660G + HD 7670M Dual,704
Radeon R7 PRO A12-9800B,702
Radeon HD 7570M/HD 7670M,699
TRINITY DEVASTATOR MOBILE,699
Radeon R5 A6-7480,698
Radeon R5 PRO A10-8730B 4C+6G,695
Radeon R5 PRO A6-9500B 2C+4G,693
Intel HD 610,692
Radeon HD 7640G + 7700M Dual,690
Radeon R5 PRO A6-8530B 2C+4G,689
Radeon HD 7640G + 8600/8700M Dual,688
Qualcomm Adreno 680 GPU,687
Radeon HD 8650G + R5 M230 Dual,686
GeForce GT 640M LE,685
Radeon HD 6630M,684
Radeon Athlon Silver 3050U,682
GeForce GT 630,681
GRID P40-3Q,681
Radeon HD 7640G N HD 7640G + HD 7670M Dual,679
Radeon HD 8650G N HD 8650G + HD 8600M N HD 8600M D,679
GeForce GTS 160M,678
Radeon HD 7640G + HD 8670M Dual,677
"Radeon R5 A10-9620P RADEON R5, 10 COMPUTE CORES 4C",677
Quadro FX 4700 X2,676
Radeon HD 8610G + R5 M200 Dual,676
Radeon R7 A8 PRO-7600B,670
Radeon R8 M535DX,670
GeForce GT 530,669
Radeon R7 PRO A10-9700B,669
GeForce GT 740A,667
FirePro M7740,665
Radeon HD 7640G + HD 8500M N HD 8500M Dual,665
Radeon HD 8550G + 8690M Dual,664
Radeon R7 M340,663
FireGL V7700,660
GeForce GT 555M,660
Radeon HD 2900 XT,659
Radeon R5 PRO A8-9600B 4C+6G,658
GeForce GT 140,657
Radeon HD 7640G + 8750M Dual,654
Radeon HD 8550G + HD 8600/8700M Dual,654
Radeon HD 8650G + 8570M Dual,654
GeForce GTS 360M,651
Radeon HD 7520G + HD 8750M Dual,651
Radeon HD 8650G + HD 8750M Dual,651
GeForce GTX 285M,650
GRID K1,650
SUMO 9640,650
FirePro V3900,649
Radeon R5 M430,648
FireStream 9170,647
Radeon HD 5600/5700,646
Radeon HD 6670 + 6670 Dual,646
Radeon HD 8610G + HD 8500M Dual,645
Radeon HD 7640G + 7670M Dual,644
Radeon HD 7540D + HD 6450 Dual,643
GeForce 8800 Ultra,642
Quadro K510M,641
Radeon HD 7640G + 7400M Dual,637
Radeon HD 8450G + 8750M Dual,637
Radeon R5 PRO A6-8570E 2C+4G,637
GeForce 9800 S,635
GeForce GT 735M,635
Radeon HD 8650G + 8670M Dual,635
Intel HD P4600/P4700,634
Radeon HD 8650G + HD 7670M Dual,634
Radeon HD 7660D + HD 7000 Dual,633
Intel HD 515,632
Radeon HD 7610M,632
GeForce GT 710,631
"Radeon R5 PRO A10-8730B R5, 10 COMPUTE CORES 4C+6G",631
Radeon HD 7640G + HD 7700M N HD 7700M Dual,630
Radeon HD 7660G + 7470M Dual,630
Intel HD 4600,629
NVS 5400M,629
Radeon HD 8510G + HD 8500M Dual,629
GRID K160Q,628
Radeon HD 2900 PRO,627
Radeon HD 7640G + 7500/7600 Dual,627
Intel HD 510,626
Radeon HD 8650G + 8500M Dual,626
Radeon HD 7520G + HD 8600/8700M Dual,623
GeForce 810A,622
Radeon HD 7640G + HD 7400M Dual,621
Radeon HD 8570 + 8670D Dual,620
Radeon HD 8550G + R5 M200 Dual,619
Radeon R5 A10-9600P 4C+6G,619
Radeon R7 A360,619
Radeon R6,618
Radeon HD 8550G + 8600M Dual,617
Radeon HD 7500G + 7500M/7600M Dual,616
Radeon HD 7570,616
FireGL V7600,615
GeForce 720A,614
Radeon HD 8650G + 8600M Dual,613
Radeon HD 8550G N HD 8550G + HD 8600M N HD 8600M D,611
7900 MOD - Radeon HD 6520G,610
Radeon HD 8610G + 8500M Dual,610
GeForce 9800 GTX/9800 GTX+,608
GeForce GT 720,608
Radeon HD 7640G + HD 8500M Dual,607
Radeon HD 8650G + HD 8600M Dual,606
Quadro FX 3800M,605
"Radeon R5 A6-9400 RADEON R5, 6 COMPUTE CORES 2C+4G",605
Radeon R6 M255DX,605
Intel HD P4600,604
GeForce GT 430,602
GeForce GTS 250,602
Radeon HD 8550G + 8500M Dual,602
Radeon HD 8610G + 8670M Dual,599
Matrox C420 LP PCIe x16,597
Radeon R7 PRO A12-8800B,597
Radeon HD 8510G + 8500M Dual,596
Radeon HD 7640G + 7470M Dual,595
Radeon R5 M330,595
Qualcomm Adreno 7c+ Gen 3,594
Radeon Vega 3 Athlon Gold 3150U,594
Radeon HD 8550G + HD 8600M Dual,593
Radeon R7 PRO A12-8830B,593
Surface Duo Adreno 640 GPU,592
GeForce 910M,591
Radeon HD 7520G + 7600M Dual,591
GeForce 8800 GTX,590
"Radeon R6 PRO A8-8600B R6, 10 Compute Cores 4C+6G",590
Radeon R8 M365DX,590
Radeon Vega 3 3020e,590
Radeon HD 7640G + HD 7700M Dual,589
Radeon HD 7520G + 7610M Dual,588
Radeon HD 7660G + 7400M Dual,588
Radeon HD 8610G + 8600M Dual,588
Intel HD 5500,587
Radeon HD 7660G + 8670M Dual,587
Radeon HD 7640G + HD 8600/8700M Dual,586
Radeon R5 A6-8500P,586
Radeon HD 7640G + 8500M Dual,585
Radeon HD 8650G + HD 8670M Dual,585
Radeon HD 7520G + 7500/7600 Dual,582
GeForce GT 720A,581
GeForce GT 550M,580
Radeon HD 8550G + 8670M Dual,579
Radeon HD 8450G + R5 M230 Dual,578
Intel HD 5000,577
Radeon HD 7620G + 8670M Dual,577
Radeon HD 8610G + HD 8670M Dual,577
GeForce GT 820M,576
Intel Skylake HD DT GT2,576
Radeon R5 A240,576
GeForce 8800 GTS 512,575
GeForce GTX 280M,575
Radeon HD 7520G + HD 7700M Dual,574
Radeon HD 7520G N HD 7520G + HD 7500/7600 7500/760,574
Radeon R5 420,574
Radeon HD 7650A,572
Quadro 1000M,570
Quadro 500M,570
Radeon R6 + R7 M265DX Dual,570
Radeon R7 M360,570
Radeon HD 7560D + 6450 Dual,568
Radeon HD 8550D,566
Radeon HD 6610M,565
Radeon R7E,564
GeForce GT 635M,563
Radeon HD 7560D + R5 235 Dual,563
"Radeon R5 PRO A8-9600B R5, 10 COMPUTE CORES 4C+6G",562
Radeon HD 7640G + R5 M200 Dual,559
Radeon HD 7640G + 8570M Dual,558
Radeon HD 7640G + 8670M Dual,558
Radeon HD 8550G + HD 8500M Dual,558
GeForce GTS 240,556
Radeon HD 6570,556
GeForce 820A,555
Radeon Athlon PRO 3045B,555
Radeon HD 3870,555
GeForce 9800M GS,554
GF117,554
GeForce GTS 250M,553
Radeon R7 M265,553
Radeon Vega 3 Athlon Silver 3050e,552
Radeon R7 7850A10-7850K,551
FireGL V8650,550
Radeon R5 M335,548
Mobility Radeon HD 3870,547
FirePro 3D V5700,546
Radeon HD 8550G + HD 8670M Dual,546
FirePro 3D V7750,545
GeForce 615,545
Radeon HD 8450G + 8600M Dual,545
Radeon HD 7520G + HD 7400M Dual,544
Quadro FX 2700,543
Radeon HD 7600G + HD 8670M Dual,543
Radeon HD 7520G + 7470M Dual,542
GeForce GT 630M,540
"Radeon R6 PRO A10-8700B R6, 10 Compute Cores 4C+6G",540
GeForce GT 435M,539
Qualcomm Adreno 675 GPU,539
Mobility Radeon HD 5570,538
Radeon R6 PRO A10-8700B 4C+6G,538
Quadro 600,534
Radeon HD 7560D + HD 7000 Dual,534
Radeon R5 240,534
GRID K180Q,533
Radeon R5 M255,533
Radeon HD 8550G + 8570M Dual,532
Radeon R6 A10-8700P,532
Radeon HD 8650G,531
RADEON HD6530D,531
Radeon R6 PRO A8-8600B 4C+6G,531
Radeon HD 8550G + HD 8570M Dual,529
Radeon HD 8670D,529
Radeon HD 7600G N HD 7600G + HD ON HD Dual,526
Radeon HD 7640G + 6400M Dual,526
Quadro FX 5600,525
GeForce GT 425M,523
Radeon HD 7520G + 7670M Dual,523
Radeon HD 7660D + R5 235 Dual,523
Radeon HD 7660G + HD 7600M Dual,523
Radeon 6600M,521
Intel HD 4400,520
Radeon HD 8670M,520
Radeon R5 330,520
Radeon HD 7640G + HD 7670M Dual,518
IncrediblE HD 4000,517
Intel HD P4000,516
NVS 5200M,515
GeForce GT 240,512
Mobility Radeon HD 4830,511
Radeon HD 7640G + 7610M Dual,510
Radeon HD 7600G + HD 7550M Dual,509
Radeon HD 7620G + 8600M Dual,508
Radeon R5 PRO A6-8500B 2C+4G,508
Radeon HD 7620G + HD 8670M Dual,507
GeForce 9800 GTX+,506
Radeon Vega 2,506
GeForce GTS 150M,504
Radeon HD 7660D,504
Radeon HD 8450G + HD 8750M Dual,503
GeForce 820M,502
Radeon R5 M420,500
Mobility Radeon HD 5730,499
Radeon R7 M265DX,498
TRINITY SCRAPPER MOBILE,498
Radeon HD 7500G + 7550M Dual,497
SUMO 964A,497
ASUS EAH4870x2,496
Radeon HD 7520G + HD 7670M Dual,495
Radeon R7 M260,495
Radeon HD 8690A,492
Radeon HD8530M,490
GeForce 9600 GT,489
Radeon HD 8670D N HD 8670D + HD 8670D Dual,488
GeForce 8800 GT,487
Radeon HD 8550G + R5 M230 Dual,487
Radeon R4E,487
Radeon HD 7520G + 7400M Dual,486
Radeon HD 5570,483
GeForce GT 540M,481
Radeon HD 8610G + HD 8600M Dual,480
Mobility Radeon HD 5000 Serisi,478
Mobility Radeon HD 3870 X2,477
Radeon HD 8450G + HD 8670M Dual,477
GeForce 800A,476
Radeon HD 7600G + HD 7500M/7600M Dual,476
GeForce 710A,475
Radeon HD 7660G,475
Radeon HD 7640G + HD 8570M Dual,474
Radeon HD 7670M,474
Radeon HD 8450G + 8670M Dual,474
Radeon R6 A8-8600P,474
Radeon R5 M315,473
FirePro 3D V3800,472
"Radeon R5 PRO A6-8500B R5, 6 Compute Cores 2C+4G",472
Radeon HD 8570D + R5 235 Dual,470
Radeon 3020e,468
Quadro FX 1800M,466
Quadro FX 3600M,466
GeForce GT 625M,465
Radeon HD 7660D + 7470 Dual,465
SUMO 9644,465
FirePro V5700,464
GeForce 9800 GT,464
GeForce GT 320,464
Radeon HD 7550M,464
GeForce GT 720M,463
Mobility Radeon HD 4670,463
GeForce 710M,462
GeForce 8800M GTX,462
Radeon HD 7560D,460
Radeon HD 7660G + HD 7600M N HD 7600M Dual,460
GeForce GT 525M,459
Intel HD Family,459
Radeon HD 7640G,458
GeForce 800M,457
GeForce GT625M,457
Quadro FX 3700M,456
GeForce 705M,455
GeForce 9800M GTX,454
Radeon HD 7520G + 7650M Dual,453
Radeon HD 8450G + HD 8600M Dual,452
Radeon HD 7620G N HD 7620G + HD 8600M N HD 8600M D,451
Mobility Radeon HD 5650,448
Radeon HD 7520G + HD 7600M Dual,447
PHDGD Ivy 5,445
Radeon HD 7660G + 8600M Dual,445
GeForce GT 710M,444
Radeon HD 7620G + HD 8600M Dual,442
Radeon HD 7650M,442
Quadro 410,441
Radeon R5 M320,439
Radeon HD 8570D,438
Radeon HD 8570M,437
GeForce GT 620M,436
Radeon HD 7600G + HD Dual,435
Radeon HD 8410G,435
Radeon HD 3850 AGP,432
Quadro FX 4600,430
Radeon HD 7570M,430
Radeon HD 8610G,425
FirePro M2000,424
Radeon R5 M240,424
GeForce GT 420,423
Radeon HD 7600G + 7550M Dual,423
Radeon HD 7640G + HD 7500/7600 Dual,423
Radeon HD 7640G N HD 7640G + HD 8570M Dual,422
RADEON HD6410D,422
GeForce 8800 GTS,419
Intel 4th Generation Haswell HD,419
Quadro FX 2800M,418
Radeon HD 8500M,416
Radeon R5 M230,415
GeForce 810M,413
Radeon HD 8550G,409
GeForce GT 420M,408
"Radeon R5 PRO A6-9500B R5, 6 COMPUTE CORES 2C+4G",408
GeForce GTS 350M,407
Radeon HD 7470M,407
Radeon HD 7640G + HD 7600M N HD 7600M Dual,406
RADEON E4690,405
Radeon HD 7600G + 7500M/7600M Dual,405
Radeon HD 6550D,404
GeForce 9800M GTS,401
Mobility Radeon HD 4650,401
GeForce GT 330,400
Quadro FX 1800,399
Radeon HD 8650D,396
Radeon HD 3850,395
Radeon R5 Opteron X3216,394
Intel HD 5300,391
IncrediblE HD,389
Radeon HD 7600G + 7450M Dual,389
GeForce 7900 GTX,387
GeForce GT 335M,387
GeForce 8800M GTS,382
GeForce 9800M GT,381
GeForce GT 130,381
Quadro FX 3700,380
Radeon HD 4670,380
GeForce GTX 260M,379
Radeon HD 6490M,377
GeForce GT 620,376
Radeon HD 5550,376
Radeon HD 7520G + 8750M Dual,376
Radeon HD 7600G + 6400M Dual,376
PHDGD Ivy 4,374
Radeon HD 8570D + HD8490 Dual,374
Intel UHD Graphics 605,372
Quadro FX 2700M,370
GeForce GT 610M / GT 620M / GT 710M / GT 720M / GT,368
Matrox Millennium P690 PCIe x16,366
Mobility Radeon HD 3850,365
Radeon HD 8510G,365
Radeon HD4670,365
Radeon 3015e,364
Radeon HD 7520G N HD 7520G + HD 7600M N HD 7600M D,364
Radeon HD 8470D,364
Radeon HD 7660G + HD 8600M Dual,363
Radeon HD 7620G,359
Radeon Vega 3 Ryzen Embedded R1305G,358
Radeon HD 7500G + HD 7500M/7600M Dual,355
Intel HD 505,353
Mobility Radeon HD 565v,353
Radeon HD 6480M,353
GeForce GT 625,350
Radeon HD 7580D,350
Radeon HD 8450G,346
Intel HD 4000,345
Radeon HD 6620G,345
GeForce 7950 GT,344
FireGL V5600,341
FirePro 3D V3750,341
Radeon HD 8310E,340
Radeon HD 7660D + HD 7400 Dual,339
Radeon HD 8570D + HD 8470 Dual,338
Radeon HD 6530D,337
Radeon R5 235,336
FirePro RG220,335
Radeon HD 7600G + 8500M/8700M Dual,333
Radeon R4,333
GeForce GT 705,331
Radeon R5 310,331
GeForce 8800 GS,330
Radeon HD 7540D,330
GeForce 9600 GSO 512,329
Radeon HD 7450M,329
Radeon HD 7600G,329
Radeon HD 7600G + HD 7400M Dual,328
GeForce 9600 GSO,327
GeForce GT 120 / 9500 GT,324
Intel UHD Graphics 600,324
GeForce GT 230,323
Radeon E6460,323
FirePro V3800,320
RADEON HD6370D,320
GeForce 240M GT,319
Mobility Radeon HD 560v,318
GeForce 605,317
Radeon HD 7520G,315
Radeon HD 8370D,314
Radeon HD 7520G + 8600/8700M Dual,311
GeForce GT 520,308
Radeon HD 7420G,308
Radeon HD 7500G,307
GeForce GT 610,306
Quadro FX 3500M,306
Radeon HD 8350G,304
Radeon R3,304
Radeon R1E,301
NVS 315,299
Radeon HD 6520G,299
Intel HD 500,298
Radeon R5E,296
GeForce 9600M GT / GeForce GT 220M,293
GRID K120Q,293
Radeon HD 2900 GT,292
GeForce 610M,291
GeForce 7800 GTX,290
Radeon HD 7470,289
Radeon HD 7450A,288
GeForce 7950 Xtreme,287
GeForce GT 415M,286
Intel HD P3000,286
Mobility Radeon HD 5165,284
GeForce GT 520MX,282
Qualcomm Adreno 630 GPU,282
Radeon HD 2600 XT,282
GeForce 9600 GS,281
GeForce GT 520M,280
GeForce 9700M GTS,278
NVS 4200M,278
Radeon HD 7480D,278
Radeon R5 235X,277
Radeon HD 6370M,275
Radeon HD 8400E,275
GeForce 9650M GS,270
GeForce Go 7900 GTX,270
Radeon HD 8280G,269
Radeon HD 5470,268
Radeon HD 7400G,267
Mobility Radeon HD 550v,266
Radeon HD 8330E,266
GeForce Go 7950 GTX,263
Radeon HD 8490,263
Radeon HD 8400,261
Radeon HD 6450A,260
Radeon HD 8280,260
GeForce 510,259
Quadro FX 3500,259
GeForce 7900 GT,258
Radeon HD 8330,258
Intel HD 3000,255
Radeon HD 6480G,255
GeForce 410M,254
Radeon HD 6370D,254
GeForce 7900 GS,253
Quadro NVS 510M,253
GeForce GT 415,251
Radeon HD 8470,251
Radeon HD 7640G + 8600M Dual,249
GeForce 7900 GT/GTO,247
NVS 310,247
GeForce 7800 GT,244
Radeon R2,244
Quadro FX 5500,242
Radeon HD4650,239
Mobility Radeon HD 5470,236
Quadro FX 4500 X2,236
Radeon HD 6410D,236
Radeon HD 8280E,236
Mobile Intel HD,235
Radeon HD 4550,235
Radeon HD 8240,234
Mobility Radeon HD 3670,232
Quadro FX 570,232
Radeon E6465,231
Radeon HD 4650,230
Quadro NVS 290,228
Quadro FX 4500,227
Radeon HD 6470M,227
Radeon HD 7450,225
GT 430,223
Intel G965 Express,222
Radeon HD 7340M,221
Radeon R5 230,221
A6 Micro-6500T Quad-Core APU with RadeonR4,220
Mobility FireGL V5725,219
GeForce 7600 GT,217
Quadro FX 2500M,217
Radeon HD 8250,217
Radeon HD 6320 Graphic,216
Mobility Radeon. HD 5470,215
Quadro FX 880M,215
GeForce GT 220,214
Mobility Radeon HD 5450,214
Intel HD 2000,213
Radeon R2E,212
Radeon HD 2600 PRO,211
GeForce Go 7600 GT,210
GeForce GT 330M,210
GeForce 320M,209
GeForce Go 7800 GTX,209
GeForce 9700M GT,208
Quadro NVS 320M,208
Intel Q45/Q43 Express Chipset,207
Radeon HD 4650 AGP,207
Barco MXRT 1450,205
Intel 2nd Generation SandyBridge HD 3000,205
Radeon R3E,205
GeForce GT 230M,203
GeForce GT 240M,203
GeForce 7950 GX2,201
Radeon HD 6380G,200
Mobility Radeon HD 545v,199
RADEON HD7450,199
Radeon HD 6320M,198
Radeon HD 6450,198
Quadro FX 1500,197
Radeon HD 7340G,196
Intel Infoshock HD,193
Radeon HD 8210E,193
Radeon HD 6430M,192
GeForce 6800 GS,191
Mobility Radeon HD 2600 XT,191
Mobility Radeon HD 4550,191
Mobility Radeon HD 540v,188
NVS 5100M,188
GeForce 9500 GS,187
Radeon HD 8210,186
Intel 2nd Generation SandyBridge HD,185
GeForce G100,184
Mobility Radeon HD 5430,181
Barco MXRT 7100,180
Radeon HD 7310G,180
FireGL V3600,179
Quadro FX 3450/4000 SDI,179
Radeon HD 6230,179
FirePro 3D V3700,178
GeForce 7800 GS,177
GeForce Go 7900 GS,176
Mobility Radeon HD 530v,174
Radeon HD 7310 - Carte graphique,174
Intel Q965/Q963 Express,172
Quadro FX 1700M,172
Quadro FX 1500M,171
FirePro 2460,170
Quadro FX 770M,170
Radeon HDG 4670,170
GeForce GT 325M,169
GeForce 9200,168
GeForce GT 120,168
GeForce G102M,167
Mobility Radeon HD 2600,167
Radeon HD 7310M,166
Intel HD manual-gen9_2015-133271,165
Radeon HD 7350,165
Quadro FX 380,162
Radeon HD 8350,162
GeForce 315,158
GeForce 7600 GS,157
Quadro FX 580,156
GeForce 8200,155
Radeon HD 4300/4500 Serisi,155
Radeon HD 3450,154
Radeon HD 3670,154
GeForce 9500 GT,153
Radeon HD 7340,153
GeForce GT 120M,152
Radeon X1950 CrossFire Edition,151
GeForce 305M,150
Quadro FX 1700,150
Radeon HD 3650 AGP,150
GeForce 8600 GTS,149
GeForce 8400 GS,148
Mobility Radeon HD 4350,148
Quadro 400,148
Quadro FX 3450,148
GeForce Go 7700,147
Radeon HD 6320,147
ZX Chrome 645/640 GPU,147
GeForce GT 130M,146
S3 5400EW,146
Radeon X1900 GT,145
GeForce 9200M GE,143
Radeon HD 6300M,143
FirePro 2270,142
GeForce 6800 GT,142
GeForce 9400 GT,141
Mobility Radeon HD 4570,141
nForce 760i SLI,140
Radeon HD 4290,140
Radeon HD 6290M,140
RADEON HD 6350,140
Radeon X1800 GTO,140
Intel Haswell HD - GT2,139
NVS 2100M,139
GeForce 6800 Ultra,138
Radeon HD 8180,138
GeForce 6600 GT,137
GeForce 9600M GT,137
GeForce 9650M GT,137
GeForce Go 6800 Ultra,137
Quadro NVS 160M,137
Radeon X1900 CrossFire Edition,137
GeForce 7300 GT,136
GeForce G200,136
Radeon HD 5450,136
Mobility Radeon HD 4330,135
EAH5450,134
GeForce 7650 GS,134
GeForce 9800 GT 1024MB,134
Intel B43 Express Chipset,134
Mobility Radeon X1900,134
Radeon R5 220,133
VIA/S3G C-645/640 GPU,132
Quadro FX 1600M,131
MOBILITY RADEON X1800,130
Mobility Radeon HD 3650,129
RADEON X800 SE,129
FireGL V7300,128
GeForce 9300 / nForce 730i,128
Radeon HD 7310,128
All-in-Wonder X1900,127
GeForce Go 7600,127
GeForce 205,126
GeForce 9300,126
Radeon HD 3300,126
Qualcomm Adreno 618 GPU,125
Radeon HD 4350,125
GeForce 8700M GT,124
Quadro FX 1400,124
Seria Mobility Radeon HD 3400,124
GeForce 6800 XT,123
GeForce 8500 GT,123
GeForce G105M,123
Intel Haswell HD - GT1,123
Radeon HD 7290M,123
Quadro FX 380 LP,122
Radeon HD 4250,122
Radeon HD 6310,122
GeForce 9500M G,121
GeForce GT 220M,121
NVS 300,121
Extreme AX850 PRO,120
GeForce 405,120
Quadro FX 380M,120
Radeon HD 2400,120
GeForce 310,119
GeForce 505,118
GeForce 9600M GS,118
Qualcomm Adreno 540 GPU,118
Radeon HD 2400 XT,118
Radeon HD 3470,118
RV530 PRO,118
FireMV 2260,117
GeForce 8600 GT,117
Mobile Intel 45 Express-Chipsatzfamilie,117
FireGL V7200,116
PHDGD Quantic C3,116
Radeon X1700 Targa Edition,116
GeForce 315M,115
GeForce 8300 GS,115
GeForce G210M,115
Radeon HD 4330,115
Radeon X1600 XT,115
FireGL V5200,114
GeForce Go 7800,114
NVS 3100M,114
Radeon HD 2400 Pro,114
RADEON X800 GTO,114
Quadro FX 560,113
FirePro 2260,112
GeForce 6800,112
GeForce 8400M GS,112
Intel HD Modded,112
Radeon X1950 Pro,112
Sapphire RADEON X800 GT,112
GeForce 9200M GS,111
Intel G41 Express Chipset,111
Mobility Radeon HD 3400 Serisi,111
Radeon HD 4200,111
Radeon HD 7290,111
FireGL V7350,110
GeForce 310M,110
Radeon HD 2600 Pro AGP,110
GeForce 210,109
GeForce 6800 LE,109
Radeon HD 4270,109
VIA/S3G Chrome 645/640 GPU,109
Intel Media Accelerator HD,108
Quadro FX 370 LP,108
GeForce Go 6800,106
Radeon Infoshock 3000,106
Radeon X1950 GT,106
GeForce GT 320M,105
GeForce9400M,105
Intel G45/G43 Express Chipset,105
Radeon HD 6290,105
GeForce 9450,104
M880G with Mobility Radeon HD 4250,104
Mobility Radeon X1700,104
Quadro FX 3400/4400,104
Quadro FX 570M,104
FireGL V3400,103
GeForce 9500M,103
GeForce 6800 GS/XT,102
GeForce 9300 GS,102
GeForce 9500M GS,102
Mobility Radeon HD 2400 XT,102
Quadro FX 370 Low Profile,102
GeForce 8300,101
Quadro FX 4000,101
Quadro FX Go1400,101
Matrox G200e WDDM 2.0,100
GeForce 9400,98
GeForce G210,98
Mobility Radeon HD 3430,98
Mobility Radeon HD 4250,98
Radeon 3000,98
Radeon X1600 Pro,98
GeForce 9300GE,97
ION LE,97
Quadro NVS 130M,97
RADEON X800 XT,97
Mobility Radeon HD serie 4200,96
GeForce 6700 XL,95
Radeon HD 3000,95
Matrox G200eW3 WDDM 2.0,94
MEDION RADEON X740XL,94
Mobility Radeon HD 3470,93
Mobility Radeon HD 3470 Hybrid X2,93
Quadro FX 370M,93
Radeon HD 6250,93
FireGL V5100,92
M880G with Mobility Radeon HD 4200,92
Mobility Radeon HD 4270,92
Mobility Radeon X1600,92
nForce 780a SLI,92
GeForce 8600 GS,91
GeForce G205M,91
Mobility Radeon HD 3450,91
RADEON X600XT,91
Mobility Radeon HD 4200,90
GeForce 7500 LE,89
GeForce 8600M GT,89
Mobility Radeon HD 2400,89
GeForce 6610 XL,88
GeForce 9300M GS,87
GeForce 6600,86
Intel Q35 Express,86
Quadro FX 360M,86
Quadro FX 350,85
ALL-IN-WONDER X800 GT,84
FireGL V3200,84
GeForce 9300M G,84
ION,84
Radeon X1300 PRO,84
Radeon X1650 Pro,84
RADEON X800 GT,84
GeForce 999 GTX,83
nForce 750a SLI,83
Quadro FX 370,83
Radeon HD 3200,82
GeForce 8400,81
GeForce 9100,81
GeForce 9300 SE,81
MOBILITY FireGL V5000,81
Mobility Radeon 4100,81
Mobility Radeon X2500,81
nForce 980a/780a SLI,81
RADEON X800 XT Platinum Edition,81
RADEON X850 XT,81
RADEON X850 XT Platinum Edition,81
GeForce 7300 LE,80
Quadro FX 540,80
GeForce 8100 / nForce 720a,79
Quadro NVS 295,79
RADEON X800GT,79
GeForce 7300 GS,78
GeForce 9300 GE,76
Radeon HD 2350,76
M860G with Mobility Radeon 4100,75
RADEON X700 PRO,75
GeForce 7350 LE,74
Radeon X1650 GTO,74
FireMV 2450,73
Mobility Radeon HD 4300 Serisi,73
Radeon 3100,73
RADEON X800 PRO/GTO,73
RADEON X700,72
RADEON X850 PRO,72
FireGL V7100,71
M880G with Mobility Radeon HD 4225,71
MEDION RADEON 9800 XXL,71
Radeon X1650 SE,71
RADEON X700 SE,71
Diamond X1300-PCIE 256MB,70
FireGL V3300,70
GeForce 8600M GS,70
Quadro NVS 150M,70
Radeon X550XTX,70
BASICDISPLAY,69
GeForce Go 6600,69
Quadro FX 3000,69
Quadro NVS 140M,69
Quadro NVS 420,69
Radeon X1600 Pro / X1300XT,69
RADEON X800 XL,69
FireGL V3350,68
GeForce 8400 SE,68
GeForce 9100M G,68
GeForce 9400M,67
GeForce 9400M G,67
Intel G45/G43/G41 Express Chipset,67
Matrox G200eR WDDM 2.0,67
RADEON X600 PRO,67
GeForce 8400M GT,66
Mobility Radeon HD 4225,66
MOBILITY RADEON X700,66
Quadro NVS 450,66
Radeon X1550,66
GeForce Go 7400,65
RADEON X800 PRO,64
Quadro FX 550,63
GeForce G 103M,62
GeForce G 105M,62
Intel HD manual-15.28-1861,62
MOBILITY FireGL V3200,62
Mobility Radeon HD 3410,62
SAPPHIRE Radeon X1550,61
FireGL X1,59
GeForce FX 5950 Ultra,59
Matrox G200e WDDM 1.2,59
MOBILITY RADEON X700 XL,59
Radeon 2100,59
RADEON 9800 PRO,59
GeForce 6800 XE,58
GeForce 8200M G,58
GeForce 8400M G,58
Radeon X1300,58
Intel - Express Chipset Q45/Q43,57
Intel G41 Express-Chipsatz,57
Intel Q45/Q43 Express-Chipsatz,57
RADEON 9800,57
Intel - Express Chipset G41,56
RADEON 9800 XT,56
RADEON X550XT,56
RADEON X600 256MB HyperMemory,56
GeForce 6200 TurboCache,53
RADEON 9700 PRO,53
FireGL V3100,52
GeForce Go 7300,52
Quadro NVS 135M,52
Radeon Xpress 1300,52
FirePro 2450,51
GeForce 6600 LE,51
GeForce 7100 GS,51
GeForce FX Go5700,51
Matrox G200eh WDDM 1.2,51
RADEON E2400,51
Intel G33/G31 Express,50
Matrox G200eW WDDM 1.2,50
Mobility Radeon HD 2300,50
MOBILITY RADEON X600,50
RADEON X550,50
MOBILITY RADEON X600 SE,49
Radeon X1050,49
Radeon X1600,49
RADEON X600 SE,49
Mobile Intel 965 Express,48
Mobility Radeon X2300,48
Mobility Radeon X2300 HD,48
GeForce 7300 SE/7200 GS,47
Quadro NVS 110M,47
Radeon X1550 64-bit,47
SAPPHIRE RADEON 9600 ATLANTIS,47
Matrox G200eh WDDM 2.0,46
MOBILITY RADEON 9800,46
Quadro NVS 120M,46
FireMV 2250,45
GeForce Go 7200,45
Matrox G200eR WDDM 1.2,45
GeForce Go 6600 TE/6200 TE,44
Mobile Intel 4 Express-Chipsatzfamilie,44
Mobile Intel serie 4 Express,44
MOBILITY FireGL V5200,44
Quadro FX 350M,44
Radeon 9700 TX w/TV-Out,44
Mobile Intel 45 Express,43
Matrox M9138 LP PCIe x16,42
Mobility Radeon X1400,42
Quadro NVS 285,42
RADEON 9600 PRO,42
Radeon Xpress 1250,42
GeForce 7050 / nForce 620i,41
GeForce 7100 / nForce 630i,41
GeForce FX 5900 Ultra,41
RADEON 9500 PRO / 9700,41
GeForce FX 5700,40
GeForce FX 5900XT,40
Matrox G200eh,40
Matrox M9148 LP PCIe x16,40
MOBILITY FIREGL T2,40
Radeon Xpress 1300M,40
GeForce 7300 SE,39
Matrox G200eW,39
MOBILITY RADEON 9600/9700,39
Mobility Radeon X1300,39
Mobility Radeon X1350,39
S3 Chrome 430 ULP,39
GeForce 6500,38
Mobile Intel - famiglia Express Chipset 45,38
Quadro NVS 285 128MB,38
RADEON X300SE,38
256MB DDR Radeon 9800 XT,37
GeForce 6200,37
GeForce 6200SE TurboCache,37
GeForce 7050 / nForce 630i,37
Quadro NVS 440,37
Radeon X1250,37
CONNECT 3D RADEON X300,36
FireMV 2200 PCIe,36
Matrox G200eR,36
MOBILITY RADEON 9600,36
RADEON 9500,36
Quadro FX 1100,35
RADEON 9600 XT,35
Radeon Xpress 1200,35
GeForce FX 5700 Ultra,34
GeForce FX 5900,34
GeForce PCX 5750,34
GeForce PCX 5900,34
Quadro FX 1000,34
Quadro FX 1300,34
RADEON 9550,34
Radeon Xpress 1100,34
GeForce 6150 LE,33
GeForce 7150 / nForce 630i,33
GeForce FX 5700VE,33
MOBILITY FIREGL T2/T2e,33
Mobility Radeon X1450,33
MOBILITY RADEON X300,33
S3 Chrome S27 DDR3,33
GeForce 6200 A-LE,32
GeForce 7025 / nForce 630a,32
GeForce FX 5900ZT,32
Intel Media Accelerator,32
Radeon X1200,32
GeForce 7050 PV / nForce 630a,31
Matrox M9128 LP PCIe x16,31
Radeon X1270,31
Red Hat QXL controller,31
All-in-Wonder X1800XL,30
FireGL T2-128,30
GeForce 6150SE nForce 430,30
MOBILITY RADEON 9550,30
GeForce 6200 LE,29
Radeon 9550 / X1050,29
Radeon Xpress 1150,29
RADEON XPRESS 200,29
GeForce 6100,27
MOBILITY FireGL V5250,27
MOBILITY RADEON 9700,27
MOBILITY RADEON XPRESS 200,27
RADEON 9600SE,27
GeForce 6100 nForce 405,26
GeForce 7100 / nForce 620i,26
RADEON 9600 PRO Family,26
Radeon Xpress 1270,26
GeForce 6100 nForce 400,25
GeForce 6100 nForce 420,25
GeForce 7050 / nForce 610i,25
Matrox M9120 Plus LP PCIe x16,25
Matrox M9125 PCIe x16,25
PHDGD Sapphire GR for Mobile Intel 965,25
RADEON 9600 Family,25
GeForce 6150SE,24
GeForce FX 5700LE,24
GeForce Go 6400,24
Mobile Intel 965 Express-Chipsatzfamilie,24
MOBILITY RADEON 9600 PRO TURBO,24
ALL-IN-WONDER 9800,23
GeForce 6100 nForce 430,23
GeForce 7200 GS,23
Matrox M9140 LP PCIe x16,23
Quadro NVS 210S,23
RADEON 9800 SE,23
RADEON A9800XT,22
RADEON XPRESS 200M,22
GeForce 6150,21
PHDGD Solo 2 x64,20
Quadro NVS 210S / GeForce 6150LE,20
GeForce Go 6150,19
Matrox M9120 PCIe x16,19
GeForce 7150M / nForce 630M,18
Quadro FX 2000,18
QXL KMDOD,18
RADEON 9600 TX Family,18
RADEON XPRESS 200 CROSSFIRE,18
S3 Chrome S25 DDR2,18
GeForce FX 5600 Ultra,17
GeForce FX Go 5600,17
GeForce Go 6100,17
Mobile Intel965 Express,17
GeForce FX Go5650,16
GRID V100-8Q,16
GeForce Go 6200,15
NV44,15
Quadro FX 500/600 PCI,14
Radeon HD 2400 PCI,14
GeForce 7000M,13
GeForce 7000M / nForce 610M,12
GeForce FX 5200 Ultra,12
GeForce FX 5600,12
GeForce FX Go5300,12
FireMV 2400 PCIe,11
GeForce FX 5200SE,11
Intel 82945G Express,11
PHDGD Solo 1.2.0 x86,11
RGH Drivers v3,11
Master X3100 Driver,10
MOBILITY IGP 9000/9100,10
ASUS A7000,9
GeForce FX 5600XT,9
Matrox Parhelia 256MB,9
VIA Chrome9 HD IGP,9
GeCube RADEON 7000,8
GeForce FX 5500,8
GeForce FX Go 5200,8
Intel 82945G Express-Chipsatzfamilie,8
Intel Q35 Embedded,8
Mobile Intel 965 Express - BR-0907-0461 v1839,8
Quadro NVS 280 PCI,8
ASUS V9520-X V62.11,7
GeForce FX 5100,7
GeForce FX 5200,7
GeForce FX 5200LE,7
GeForce4 Ti 4400,7
Intel US15 Embedded Media and Controller,7
MOBILITY RADEON 9000 IGP,7
Quadro FX 500/FX 600,7
GeForce PCX 5300,6
GeForce2 Ultra,6
GeForce4 MX Integrated GPU,6
GeForce4 Ti 4800 SE,6
Intel Media Accelerator 600,6
Matrox Millennium P690 Plus LP PCIe x16,6
MOBILITY RADEON 7000 IGP,6
Quadro NVS 55/280 PCI,6
Quadro4 380 XGL,6
RADEON 8500 Family,6
RADEON 9100 Family,6
RADEON IGP 350M,6
V9560XT,6
ALL-IN-WONDER RADEON 8500DV,5
GeForce 256,5
GeForce4 420 Go 32M,5
GeForce4 440 Go 64M,5
GeForce4 448 Go,5
GeForce4 Ti 4200,5
GeForce4 Ti 4600,5
GeForce4 Ti 4800,5
Intel 82915G Express,5
Intel Q33 Express,5
Matrox Millennium P650 PCIe 128,5
Matrox Parhelia APVe,5
Mobile Intel 945GM Express,5
Mobile Intel 945GM/GU Express,5
MOBILITY RADEON 9000/9100 IGP,5
NVIDIA GeForce3 Ti200,5
Quadro 280 NVS PCIe,5
Quadro4 980 XGL,5
RADEON 9100 IGP,5
SAPPHIRE RADEON 9000 ATLANTIS PRO,5
VIA/S3G UniChromeII,5
Xabre,5
ALL-IN-WONDER 9000,4
ASUS AGP-V3800PRO v31.40H,4
Dell 8200,4
GeForce2 Go,4
GeForce2 Integrated GPU,4
GeForce2 MX with DVI-D and TV-out,4
GeForce2 Ti,4
GeForce3,4
GeForce3 Ti 200,4
GeForce4 440,4
GeForce4 MX 4000,4
GeForce4 MX 420,4
GeForce4 MX 440,4
GeForce4 MX 440 with AGP8X,4
GeForce4 MX 440SE,4
GeForce4 MX 460,4
Intel 82865G Controller,4
"Intel 915G,910G Express",4
Intel 915G/915GV/910GL Embedded Controller Functio,4
Intel 945G Embedded Chipset Function 0,4
MOBILITY FIREGL 7800,4
MOBILITY/RADEON 9000,4
Quadro2 MXR/EX,4
Quadro4 900 XGL,4
RADEON 7500 Family,4
RADEON 9000,4
VIA Chrome9 HC IGP,4
VIA/S3G KM400/KN400,4
VIA/S3G UniChrome IGP,4
VIA/S3G UniChrome Pro IGP,4
WinFast A250 LE,4
XGI Volari Family v1.13.23.D_V,4
ABIT Siluro T400,3
AMIGAMERLIN 3.1-R1 For Voodoo 4 4500 PCI,3
GeForce 6200A,3
GeForce2 GTS/GeForce2 Pro,3
GeForce2 MX 100/200,3
GeForce2 MX/MX 400,3
GeForce4 420 Go,3
GeForce4 4200 Go,3
GeForce4 440 Go,3
Intel 82915G/915GV/910GL,3
Intel 82915G/GV/910GL Express,3
Intel 865 Embedded Controller,3
Intel 946GZ Embedded Chipset,3
Intel Media Accelerator 500,3
Matrox Parhelia 128MB,3
MOBILITY RADEON 7500,3
MOBILITY RADEON 9000,3
MOBILITY RADEON 9200,3
RADEON 7000 / RADEON VE Family,3
RADEON 7500,3
RADEON 9000 Family,3
RADEON 9200,3
RADEON IGP 320,3
Radeon IGP 320M,3
Rage Fury Pro/Xpert 2000 Pro,3
RIVA TNT2 Model 64/Model 64 Pro,3
RIVA TNT2/TNT2 Pro,3
S3 Inc. Savage4,3
Vanta/Vanta LT,3
VIA Chrome9 HC IGP Family,3
VIA Chrome9 HC IGP Family WDDM,3
VIA Chrome9 HC IGP WDDM 1.1,3
VIA/S3G DeltaChrome IGP,3
Dell 8100,2
GeForce2 MX,2
GeForce2 MX with TV Out,2
GeForce3 Ti 500,2
Intel 82845G Controller,2
Intel 82845G/GL Controller,2
Intel 82845G/GL/GE/PE/GV Controller,2
Intel 82915G/GV/910GL Advanced v3.5,2
Intel 946GZ Express,2
Intel GMA 3150 Express,2
Intel Media Accelerator 3150,2
MOBILITY RADEON 9100 IGP,2
Quadro NVS 280 SD,2
Radeon 7000 / Radeon VE,2
RADEON 7200,2
RADEON 9200 LE Family,2
RADEON 9200 PRO Family,2
RADEON 9200 SE,2
RADEON 9250,2
Radeon IGP 340M,2
RADEON IGP 345M,2
Radeon VE,2
VIA Chrome9 HC IGP Prerelease WDDM 1.1,2
VIA Chrome9 HC IGP WDDM,2
VIA Chrome9 HC3 IGP,2
FireMV 2200 PCI,1
Intel 82852/82855 GM/GME Controller,1
Intel Extreme Controller,1
Mobile Intel 915GM/GMS/910GML Express,1
Mobile Intel 945 Express,1
Quadro2 Pro,1
RADEON IGP 34xM,1
Rage 128 Pro,1
RAGE 128 PRO AGP 4X TMDS,1
S3 ProSavageDDR,1
S3 SuperSavage/IXC 1014,1
VIA Chrome9 HCM IGP,1
VisionTek Radeon 7000,1
